Question;Condition;X1;X2;T1;T2;LaterOptionChosen
1;1;5;10;2;6;1
1;1;5;10;2;6;1
1;1;5;10;2;6;1
1;1;5;10;2;6;1
1;1;5;10;2;6;0
1;1;5;10;2;6;0
1;1;5;10;2;6;1
1;1;5;10;2;6;1
1;1;5;10;2;6;1
1;;5;10;2;6;
1;;5;10;2;6;
1;;5;10;2;6;
1;;5;10;2;6;
1;;5;10;2;6;
1;;5;10;2;6;
1;;5;10;2;6;
1;;5;10;2;6;
1;;5;10;2;6;
1;;5;10;2;6;
1;;5;10;2;6;
1;;5;10;2;6;
1;;5;10;2;6;
1;;5;10;2;6;
1;2;5;10;2;6;1
1;2;5;10;2;6;1
1;2;5;10;2;6;1
1;2;5;10;2;6;1
1;;5;10;2;6;
1;;5;10;2;6;
1;;5;10;2;6;
1;;5;10;2;6;
1;;5;10;2;6;
1;;5;10;2;6;
1;;5;10;2;6;
1;;5;10;2;6;
1;;5;10;2;6;
1;;5;10;2;6;
1;;5;10;2;6;
1;;5;10;2;6;
1;;5;10;2;6;
1;;5;10;2;6;
1;;5;10;2;6;
1;3;5;10;2;6;0
1;3;5;10;2;6;1
1;3;5;10;2;6;0
1;3;5;10;2;6;0
1;3;5;10;2;6;1
1;3;5;10;2;6;1
1;;5;10;2;6;
1;;5;10;2;6;
1;;5;10;2;6;
1;;5;10;2;6;
1;;5;10;2;6;
1;;5;10;2;6;
1;;5;10;2;6;
1;;5;10;2;6;
1;;5;10;2;6;
1;;5;10;2;6;
1;;5;10;2;6;
1;;5;10;2;6;
1;;5;10;2;6;
1;;5;10;2;6;
1;;5;10;2;6;
1;;5;10;2;6;
1;;5;10;2;6;
1;;5;10;2;6;
1;4;5;10;2;6;0
1;4;5;10;2;6;1
1;4;5;10;2;6;1
1;4;5;10;2;6;1
1;4;5;10;2;6;1
1;4;5;10;2;6;1
1;4;5;10;2;6;1
;;;;;;
2;1;4;6;2;6;0
2;1;4;6;2;6;0
2;1;4;6;2;6;0
2;1;4;6;2;6;0
2;1;4;6;2;6;0
2;1;4;6;2;6;0
2;1;4;6;2;6;0
2;1;4;6;2;6;0
2;1;4;6;2;6;1
2;;4;6;2;6;
2;;4;6;2;6;
2;;4;6;2;6;
2;;4;6;2;6;
2;;4;6;2;6;
2;;4;6;2;6;
2;;4;6;2;6;
2;;4;6;2;6;
2;;4;6;2;6;
2;;4;6;2;6;
2;;4;6;2;6;
2;;4;6;2;6;
2;;4;6;2;6;
2;;4;6;2;6;
2;2;4;6;2;6;0
2;2;4;6;2;6;0
2;2;4;6;2;6;1
2;2;4;6;2;6;1
2;;4;6;2;6;
2;;4;6;2;6;
2;;4;6;2;6;
2;;4;6;2;6;
2;;4;6;2;6;
2;;4;6;2;6;
2;;4;6;2;6;
2;;4;6;2;6;
2;;4;6;2;6;
2;;4;6;2;6;
2;;4;6;2;6;
2;;4;6;2;6;
2;;4;6;2;6;
2;;4;6;2;6;
2;;4;6;2;6;
2;3;4;6;2;6;0
2;3;4;6;2;6;1
2;3;4;6;2;6;0
2;3;4;6;2;6;0
2;3;4;6;2;6;1
2;3;4;6;2;6;1
2;;4;6;2;6;0
2;;4;6;2;6;
2;;4;6;2;6;
2;;4;6;2;6;
2;;4;6;2;6;
2;;4;6;2;6;
2;;4;6;2;6;
2;;4;6;2;6;
2;;4;6;2;6;
2;;4;6;2;6;
2;;4;6;2;6;
2;;4;6;2;6;
2;;4;6;2;6;
2;;4;6;2;6;
2;;4;6;2;6;
2;;4;6;2;6;
2;;4;6;2;6;
2;;4;6;2;6;
2;4;4;6;2;6;0
2;4;4;6;2;6;0
2;4;4;6;2;6;1
2;4;4;6;2;6;0
2;4;4;6;2;6;0
2;4;4;6;2;6;1
2;4;4;6;2;6;1
2;;4;6;2;6;
2;;4;6;2;6;
;;;;;;
3;1;13;20;2;6;1
3;1;13;20;2;6;1
3;1;13;20;2;6;0
3;1;13;20;2;6;1
3;1;13;20;2;6;0
3;1;13;20;2;6;0
3;1;13;20;2;6;1
3;1;13;20;2;6;1
3;1;13;20;2;6;1
3;;13;20;2;6;
3;;13;20;2;6;
3;;13;20;2;6;
3;;13;20;2;6;
3;;13;20;2;6;
3;;13;20;2;6;
3;;13;20;2;6;
3;;13;20;2;6;
3;;13;20;2;6;
3;;13;20;2;6;
3;;13;20;2;6;
3;;13;20;2;6;
3;;13;20;2;6;
3;;13;20;2;6;
3;2;13;20;2;6;1
3;2;13;20;2;6;1
3;2;13;20;2;6;1
3;2;13;20;2;6;0
3;;13;20;2;6;
3;;13;20;2;6;
3;;13;20;2;6;
3;;13;20;2;6;
3;;13;20;2;6;
3;;13;20;2;6;
3;;13;20;2;6;
3;;13;20;2;6;
3;;13;20;2;6;
3;;13;20;2;6;
3;;13;20;2;6;
3;;13;20;2;6;
3;;13;20;2;6;
3;;13;20;2;6;
3;;13;20;2;6;
3;3;13;20;2;6;0
3;3;13;20;2;6;1
3;3;13;20;2;6;0
3;3;13;20;2;6;1
3;3;13;20;2;6;1
3;3;13;20;2;6;1
3;;13;20;2;6;
3;;13;20;2;6;
3;;13;20;2;6;
3;;13;20;2;6;
3;;13;20;2;6;
3;;13;20;2;6;
3;;13;20;2;6;
3;;13;20;2;6;
3;;13;20;2;6;
3;;13;20;2;6;
3;;13;20;2;6;
3;;13;20;2;6;
3;;13;20;2;6;
3;;13;20;2;6;
3;;13;20;2;6;
3;;13;20;2;6;
3;;13;20;2;6;
3;;13;20;2;6;
3;4;13;20;2;6;1
3;4;13;20;2;6;0
3;4;13;20;2;6;1
3;4;13;20;2;6;1
3;4;13;20;2;6;1
3;4;13;20;2;6;1
3;4;13;20;2;6;1
3;;13;20;2;6;
3;;13;20;2;6;
;;;;;;
4;1;5;15;2;6;0
4;1;5;15;2;6;0
4;1;5;15;2;6;1
4;1;5;15;2;6;0
4;1;5;15;2;6;0
4;1;5;15;2;6;0
4;1;5;15;2;6;1
4;1;5;15;2;6;1
4;1;5;15;2;6;1
4;;5;15;2;6;
4;;5;15;2;6;
4;;5;15;2;6;
4;;5;15;2;6;
4;;5;15;2;6;
4;;5;15;2;6;
4;;5;15;2;6;
4;;5;15;2;6;
4;;5;15;2;6;
4;;5;15;2;6;
4;;5;15;2;6;
4;;5;15;2;6;
4;;5;15;2;6;
4;;5;15;2;6;
4;2;5;15;2;6;1
4;2;5;15;2;6;1
4;2;5;15;2;6;1
4;2;5;15;2;6;1
4;;5;15;2;6;
4;;5;15;2;6;
4;;5;15;2;6;
4;;5;15;2;6;
4;;5;15;2;6;
4;;5;15;2;6;
4;;5;15;2;6;
4;;5;15;2;6;
4;;5;15;2;6;
4;;5;15;2;6;
4;;5;15;2;6;
4;;5;15;2;6;
4;;5;15;2;6;
4;;5;15;2;6;
4;;5;15;2;6;
4;3;5;15;2;6;1
4;3;5;15;2;6;1
4;3;5;15;2;6;1
4;3;5;15;2;6;0
4;3;5;15;2;6;1
4;3;5;15;2;6;1
4;;5;15;2;6;
4;;5;15;2;6;
4;;5;15;2;6;
4;;5;15;2;6;
4;;5;15;2;6;
4;;5;15;2;6;
4;;5;15;2;6;
4;;5;15;2;6;
4;;5;15;2;6;
4;;5;15;2;6;
4;;5;15;2;6;
4;;5;15;2;6;
4;;5;15;2;6;
4;;5;15;2;6;
4;;5;15;2;6;
4;;5;15;2;6;
4;;5;15;2;6;
4;;5;15;2;6;
4;4;5;15;2;6;1
4;4;5;15;2;6;1
4;4;5;15;2;6;1
4;4;5;15;2;6;1
4;4;5;15;2;6;1
4;4;5;15;2;6;1
4;4;5;15;2;6;1
4;;5;15;2;6;
4;;5;15;2;6;
5;1;4;12;2;6;1
5;1;4;12;2;6;0
5;1;4;12;2;6;0
5;1;4;12;2;6;1
5;1;4;12;2;6;0
5;1;4;12;2;6;0
5;1;4;12;2;6;0
5;1;4;12;2;6;1
5;1;4;12;2;6;0
5;;4;12;2;6;
5;;4;12;2;6;
5;;4;12;2;6;
5;;4;12;2;6;
5;;4;12;2;6;
5;;4;12;2;6;
5;;4;12;2;6;
5;;4;12;2;6;
5;;4;12;2;6;
5;;4;12;2;6;
5;;4;12;2;6;
5;;4;12;2;6;
5;;4;12;2;6;
5;;4;12;2;6;
5;2;4;12;2;6;1
5;2;4;12;2;6;1
5;2;4;12;2;6;1
5;2;4;12;2;6;0
5;;4;12;2;6;
5;;4;12;2;6;
5;;4;12;2;6;
5;;4;12;2;6;
5;;4;12;2;6;
5;;4;12;2;6;
5;;4;12;2;6;
5;;4;12;2;6;
5;;4;12;2;6;
5;;4;12;2;6;
5;;4;12;2;6;
5;;4;12;2;6;
5;;4;12;2;6;
5;;4;12;2;6;
5;;4;12;2;6;
5;3;4;12;2;6;1
5;3;4;12;2;6;1
5;3;4;12;2;6;1
5;3;4;12;2;6;0
5;3;4;12;2;6;1
5;3;4;12;2;6;1
5;;4;12;2;6;
5;;4;12;2;6;
5;;4;12;2;6;
5;;4;12;2;6;
5;;4;12;2;6;
5;;4;12;2;6;
5;;4;12;2;6;
5;;4;12;2;6;
5;;4;12;2;6;
5;;4;12;2;6;
5;;4;12;2;6;
5;;4;12;2;6;
5;;4;12;2;6;
5;;4;12;2;6;
5;;4;12;2;6;
5;;4;12;2;6;
5;;4;12;2;6;
5;;4;12;2;6;
5;4;4;12;2;6;1
5;4;4;12;2;6;1
5;4;4;12;2;6;1
5;4;4;12;2;6;1
5;4;4;12;2;6;1
5;4;4;12;2;6;1
5;4;4;12;2;6;1
5;;4;12;2;6;
5;;4;12;2;6;
6;1;1;4;2;6;0
6;1;1;4;2;6;1
6;1;1;4;2;6;1
6;1;1;4;2;6;0
6;1;1;4;2;6;0
6;1;1;4;2;6;0
6;1;1;4;2;6;1
6;1;1;4;2;6;1
6;1;1;4;2;6;1
6;;1;4;2;6;
6;;1;4;2;6;
6;;1;4;2;6;
6;;1;4;2;6;
6;;1;4;2;6;
6;;1;4;2;6;
6;;1;4;2;6;
6;;1;4;2;6;
6;;1;4;2;6;
6;;1;4;2;6;
6;;1;4;2;6;
6;;1;4;2;6;
6;;1;4;2;6;
6;;1;4;2;6;
6;2;1;4;2;6;1
6;2;1;4;2;6;1
6;2;1;4;2;6;1
6;2;1;4;2;6;0
6;;1;4;2;6;
6;;1;4;2;6;
6;;1;4;2;6;
6;;1;4;2;6;
6;;1;4;2;6;
6;;1;4;2;6;
6;;1;4;2;6;
6;;1;4;2;6;
6;;1;4;2;6;
6;;1;4;2;6;
6;;1;4;2;6;
6;;1;4;2;6;
6;;1;4;2;6;
6;;1;4;2;6;
6;;1;4;2;6;
6;3;1;4;2;6;1
6;3;1;4;2;6;1
6;3;1;4;2;6;1
6;3;1;4;2;6;1
6;3;1;4;2;6;1
6;3;1;4;2;6;1
6;;1;4;2;6;0
6;;1;4;2;6;
6;;1;4;2;6;
6;;1;4;2;6;
6;;1;4;2;6;
6;;1;4;2;6;
6;;1;4;2;6;
6;;1;4;2;6;
6;;1;4;2;6;
6;;1;4;2;6;
6;;1;4;2;6;
6;;1;4;2;6;
6;;1;4;2;6;
6;;1;4;2;6;
6;;1;4;2;6;
6;;1;4;2;6;
6;;1;4;2;6;
6;;1;4;2;6;
6;4;1;4;2;6;0
6;4;1;4;2;6;1
6;4;1;4;2;6;1
6;4;1;4;2;6;1
6;4;1;4;2;6;1
6;4;1;4;2;6;1
6;4;1;4;2;6;1
6;;1;4;2;6;
6;;1;4;2;6;
7;1;7;14;2;6;1
7;1;7;14;2;6;1
7;1;7;14;2;6;1
7;1;7;14;2;6;1
7;1;7;14;2;6;0
7;1;7;14;2;6;0
7;1;7;14;2;6;1
7;;7;14;2;6;1
7;;7;14;2;6;1
7;;7;14;2;6;
7;;7;14;2;6;
7;;7;14;2;6;
7;;7;14;2;6;
7;;7;14;2;6;
7;;7;14;2;6;
7;;7;14;2;6;
7;;7;14;2;6;
7;;7;14;2;6;
7;;7;14;2;6;
7;;7;14;2;6;
7;;7;14;2;6;
7;;7;14;2;6;
7;;7;14;2;6;
7;2;7;14;2;6;1
7;2;7;14;2;6;1
7;2;7;14;2;6;1
7;2;7;14;2;6;0
7;;7;14;2;6;
7;;7;14;2;6;
7;;7;14;2;6;
7;;7;14;2;6;
7;;7;14;2;6;
7;;7;14;2;6;
7;;7;14;2;6;
7;;7;14;2;6;
7;;7;14;2;6;
7;;7;14;2;6;
7;;7;14;2;6;
7;;7;14;2;6;
7;;7;14;2;6;
7;;7;14;2;6;
7;;7;14;2;6;
7;3;7;14;2;6;1
7;3;7;14;2;6;1
7;3;7;14;2;6;1
7;3;7;14;2;6;0
7;3;7;14;2;6;1
7;3;7;14;2;6;1
7;3;7;14;2;6;0
7;;7;14;2;6;
7;;7;14;2;6;
7;;7;14;2;6;
7;;7;14;2;6;
7;;7;14;2;6;
7;;7;14;2;6;
7;;7;14;2;6;
7;;7;14;2;6;
7;;7;14;2;6;
7;;7;14;2;6;
7;;7;14;2;6;
7;;7;14;2;6;
7;;7;14;2;6;
7;;7;14;2;6;
7;;7;14;2;6;
7;;7;14;2;6;
7;;7;14;2;6;
7;4;7;14;2;6;1
7;4;7;14;2;6;1
7;4;7;14;2;6;1
7;4;7;14;2;6;1
7;4;7;14;2;6;1
7;4;7;14;2;6;1
7;4;7;14;2;6;1
7;;7;14;2;6;
7;;7;14;2;6;
8;1;8;10;2;6;0
8;1;8;10;2;6;0
8;1;8;10;2;6;1
8;1;8;10;2;6;0
8;1;8;10;2;6;0
8;1;8;10;2;6;0
8;1;8;10;2;6;0
8;1;8;10;2;6;0
8;1;8;10;2;6;1
8;;8;10;2;6;
8;;8;10;2;6;
8;;8;10;2;6;
8;;8;10;2;6;
8;;8;10;2;6;
8;;8;10;2;6;
8;;8;10;2;6;
8;;8;10;2;6;
8;;8;10;2;6;
8;;8;10;2;6;
8;;8;10;2;6;
8;;8;10;2;6;
8;;8;10;2;6;
8;;8;10;2;6;
8;2;8;10;2;6;0
8;2;8;10;2;6;1
8;2;8;10;2;6;1
8;2;8;10;2;6;0
8;;8;10;2;6;
8;;8;10;2;6;
8;;8;10;2;6;
8;;8;10;2;6;
8;;8;10;2;6;
8;;8;10;2;6;
8;;8;10;2;6;
8;;8;10;2;6;
8;;8;10;2;6;
8;;8;10;2;6;
8;;8;10;2;6;
8;;8;10;2;6;
8;;8;10;2;6;
8;;8;10;2;6;
8;;8;10;2;6;
8;3;8;10;2;6;0
8;3;8;10;2;6;1
8;3;8;10;2;6;0
8;3;8;10;2;6;0
8;3;8;10;2;6;1
8;3;8;10;2;6;1
8;;8;10;2;6;
8;;8;10;2;6;
8;;8;10;2;6;
8;;8;10;2;6;
8;;8;10;2;6;
8;;8;10;2;6;
8;;8;10;2;6;
8;;8;10;2;6;
8;;8;10;2;6;
8;;8;10;2;6;
8;;8;10;2;6;
8;;8;10;2;6;
8;;8;10;2;6;
8;;8;10;2;6;
8;;8;10;2;6;
8;;8;10;2;6;
8;;8;10;2;6;
8;;8;10;2;6;
8;4;8;10;2;6;1
8;4;8;10;2;6;1
8;4;8;10;2;6;1
8;4;8;10;2;6;1
8;4;8;10;2;6;0
8;4;8;10;2;6;1
8;4;8;10;2;6;1
8;;8;10;2;6;
8;;8;10;2;6;
9;1;5;10;2;3;0
9;1;5;10;2;3;0
9;1;5;10;2;3;0
9;1;5;10;2;3;1
9;1;5;10;2;3;0
9;1;5;10;2;3;0
9;1;5;10;2;3;1
9;1;5;10;2;3;1
9;1;5;10;2;3;1
9;;5;10;2;3;
9;;5;10;2;3;
9;;5;10;2;3;
9;;5;10;2;3;
9;;5;10;2;3;
9;;5;10;2;3;
9;;5;10;2;3;
9;;5;10;2;3;
9;;5;10;2;3;
9;;5;10;2;3;
9;;5;10;2;3;
9;;5;10;2;3;
9;;5;10;2;3;
9;;5;10;2;3;
9;2;5;10;2;3;1
9;2;5;10;2;3;1
9;2;5;10;2;3;1
9;2;5;10;2;3;1
9;;5;10;2;3;
9;;5;10;2;3;
9;;5;10;2;3;
9;;5;10;2;3;
9;;5;10;2;3;
9;;5;10;2;3;
9;;5;10;2;3;
9;;5;10;2;3;
9;;5;10;2;3;
9;;5;10;2;3;
9;;5;10;2;3;
9;;5;10;2;3;
9;;5;10;2;3;
9;;5;10;2;3;
9;;5;10;2;3;
9;3;5;10;2;3;1
9;3;5;10;2;3;1
9;3;5;10;2;3;1
9;3;5;10;2;3;0
9;3;5;10;2;3;1
9;3;5;10;2;3;1
9;;5;10;2;3;
9;;5;10;2;3;
9;;5;10;2;3;
9;;5;10;2;3;
9;;5;10;2;3;
9;;5;10;2;3;
9;;5;10;2;3;
9;;5;10;2;3;
9;;5;10;2;3;
9;;5;10;2;3;
9;;5;10;2;3;
9;;5;10;2;3;
9;;5;10;2;3;
9;;5;10;2;3;
9;;5;10;2;3;
9;;5;10;2;3;
9;;5;10;2;3;
9;;5;10;2;3;
9;4;5;10;2;3;1
9;4;5;10;2;3;1
9;4;5;10;2;3;1
9;4;5;10;2;3;1
9;4;5;10;2;3;1
9;4;5;10;2;3;1
9;4;5;10;2;3;1
9;;5;10;2;3;
9;;5;10;2;3;
10;1;5;10;2;4;0
10;1;5;10;2;4;0
10;1;5;10;2;4;0
10;1;5;10;2;4;0
10;1;5;10;2;4;0
10;1;5;10;2;4;0
10;1;5;10;2;4;1
10;1;5;10;2;4;1
10;1;5;10;2;4;1
10;;5;10;2;4;
10;;5;10;2;4;
10;;5;10;2;4;
10;;5;10;2;4;
10;;5;10;2;4;
10;;5;10;2;4;
10;;5;10;2;4;
10;;5;10;2;4;
10;;5;10;2;4;
10;;5;10;2;4;
10;;5;10;2;4;
10;;5;10;2;4;
10;;5;10;2;4;
10;;5;10;2;4;
10;2;5;10;2;4;1
10;2;5;10;2;4;1
10;2;5;10;2;4;1
10;2;5;10;2;4;0
10;;5;10;2;4;
10;;5;10;2;4;
10;;5;10;2;4;
10;;5;10;2;4;
10;;5;10;2;4;
10;;5;10;2;4;
10;;5;10;2;4;
10;;5;10;2;4;
10;;5;10;2;4;
10;;5;10;2;4;
10;;5;10;2;4;
10;;5;10;2;4;
10;;5;10;2;4;
10;;5;10;2;4;
10;;5;10;2;4;
10;3;5;10;2;4;1
10;3;5;10;2;4;1
10;3;5;10;2;4;1
10;3;5;10;2;4;1
10;3;5;10;2;4;1
10;3;5;10;2;4;1
10;;5;10;2;4;
10;;5;10;2;4;
10;;5;10;2;4;
10;;5;10;2;4;
10;;5;10;2;4;
10;;5;10;2;4;
10;;5;10;2;4;
10;;5;10;2;4;
10;;5;10;2;4;
10;;5;10;2;4;
10;;5;10;2;4;
10;;5;10;2;4;
10;;5;10;2;4;
10;;5;10;2;4;
10;;5;10;2;4;
10;;5;10;2;4;
10;;5;10;2;4;
10;;5;10;2;4;
10;4;5;10;2;4;1
10;4;5;10;2;4;1
10;4;5;10;2;4;1
10;4;5;10;2;4;1
10;4;5;10;2;4;1
10;4;5;10;2;4;1
10;4;5;10;2;4;1
10;;5;10;2;4;
10;;5;10;2;4;
11;1;5;10;2;5;0
11;1;5;10;2;5;1
11;1;5;10;2;5;1
11;1;5;10;2;5;1
11;1;5;10;2;5;0
11;1;5;10;2;5;0
11;1;5;10;2;5;1
11;1;5;10;2;5;1
11;1;5;10;2;5;1
11;;5;10;2;5;
11;;5;10;2;5;
11;;5;10;2;5;
11;;5;10;2;5;
11;;5;10;2;5;
11;;5;10;2;5;
11;;5;10;2;5;
11;;5;10;2;5;
11;;5;10;2;5;
11;;5;10;2;5;
11;;5;10;2;5;
11;;5;10;2;5;
11;;5;10;2;5;
11;;5;10;2;5;
11;2;5;10;2;5;1
11;2;5;10;2;5;1
11;2;5;10;2;5;1
11;2;5;10;2;5;0
11;;5;10;2;5;
11;;5;10;2;5;
11;;5;10;2;5;
11;;5;10;2;5;
11;;5;10;2;5;
11;;5;10;2;5;
11;;5;10;2;5;
11;;5;10;2;5;
11;;5;10;2;5;
11;;5;10;2;5;
11;;5;10;2;5;
11;;5;10;2;5;
11;;5;10;2;5;
11;;5;10;2;5;
11;;5;10;2;5;
11;3;5;10;2;5;1
11;3;5;10;2;5;0
11;3;5;10;2;5;0
11;3;5;10;2;5;0
11;3;5;10;2;5;1
11;3;5;10;2;5;1
11;;5;10;2;5;
11;;5;10;2;5;
11;;5;10;2;5;
11;;5;10;2;5;
11;;5;10;2;5;
11;;5;10;2;5;
11;;5;10;2;5;
11;;5;10;2;5;
11;;5;10;2;5;
11;;5;10;2;5;
11;;5;10;2;5;
11;;5;10;2;5;
11;;5;10;2;5;
11;;5;10;2;5;
11;;5;10;2;5;
11;;5;10;2;5;
11;;5;10;2;5;
11;;5;10;2;5;
11;4;5;10;2;5;0
11;4;5;10;2;5;1
11;4;5;10;2;5;1
11;4;5;10;2;5;1
11;4;5;10;2;5;1
11;4;5;10;2;5;1
11;4;5;10;2;5;1
11;;5;10;2;5;
11;;5;10;2;5;
12;1;5;10;3;5;0
12;1;5;10;3;5;1
12;1;5;10;3;5;1
12;1;5;10;3;5;0
12;1;5;10;3;5;0
12;1;5;10;3;5;0
12;1;5;10;3;5;1
12;1;5;10;3;5;1
12;1;5;10;3;5;1
12;;5;10;3;5;
12;;5;10;3;5;
12;;5;10;3;5;
12;;5;10;3;5;
12;;5;10;3;5;
12;;5;10;3;5;
12;;5;10;3;5;
12;;5;10;3;5;
12;;5;10;3;5;
12;;5;10;3;5;
12;;5;10;3;5;
12;;5;10;3;5;
12;;5;10;3;5;
12;;5;10;3;5;
12;2;5;10;3;5;1
12;2;5;10;3;5;1
12;2;5;10;3;5;1
12;2;5;10;3;5;1
12;;5;10;3;5;
12;;5;10;3;5;
12;;5;10;3;5;
12;;5;10;3;5;
12;;5;10;3;5;
12;;5;10;3;5;
12;;5;10;3;5;
12;;5;10;3;5;
12;;5;10;3;5;
12;;5;10;3;5;
12;;5;10;3;5;
12;;5;10;3;5;
12;;5;10;3;5;
12;;5;10;3;5;
12;;5;10;3;5;
12;3;5;10;3;5;1
12;3;5;10;3;5;1
12;3;5;10;3;5;1
12;3;5;10;3;5;1
12;3;5;10;3;5;1
12;3;5;10;3;5;1
12;;5;10;3;5;
12;;5;10;3;5;
12;;5;10;3;5;
12;;5;10;3;5;
12;;5;10;3;5;
12;;5;10;3;5;
12;;5;10;3;5;
12;;5;10;3;5;
12;;5;10;3;5;
12;;5;10;3;5;
12;;5;10;3;5;
12;;5;10;3;5;
12;;5;10;3;5;
12;;5;10;3;5;
12;;5;10;3;5;
12;;5;10;3;5;
12;;5;10;3;5;
12;;5;10;3;5;
12;4;5;10;3;5;0
12;4;5;10;3;5;1
12;4;5;10;3;5;1
12;4;5;10;3;5;1
12;4;5;10;3;5;1
12;4;5;10;3;5;1
12;4;5;10;3;5;1
12;;5;10;3;5;
12;;5;10;3;5;
13;1;13;20;2;3;0
13;1;13;20;2;3;1
13;1;13;20;2;3;0
13;1;13;20;2;3;1
13;1;13;20;2;3;0
13;1;13;20;2;3;0
13;1;13;20;2;3;1
13;1;13;20;2;3;1
13;1;13;20;2;3;1
13;;13;20;2;3;
13;;13;20;2;3;
13;;13;20;2;3;
13;;13;20;2;3;
13;;13;20;2;3;
13;;13;20;2;3;
13;;13;20;2;3;
13;;13;20;2;3;
13;;13;20;2;3;
13;;13;20;2;3;
13;;13;20;2;3;
13;;13;20;2;3;
13;;13;20;2;3;
13;;13;20;2;3;
13;2;13;20;2;3;0
13;2;13;20;2;3;1
13;2;13;20;2;3;1
13;2;13;20;2;3;0
13;;13;20;2;3;
13;;13;20;2;3;
13;;13;20;2;3;
13;;13;20;2;3;
13;;13;20;2;3;
13;;13;20;2;3;
13;;13;20;2;3;
13;;13;20;2;3;
13;;13;20;2;3;
13;;13;20;2;3;
13;;13;20;2;3;
13;;13;20;2;3;
13;;13;20;2;3;
13;;13;20;2;3;
13;;13;20;2;3;
13;3;13;20;2;3;1
13;3;13;20;2;3;1
13;3;13;20;2;3;1
13;3;13;20;2;3;0
13;3;13;20;2;3;1
13;3;13;20;2;3;1
13;;13;20;2;3;
13;;13;20;2;3;
13;;13;20;2;3;
13;;13;20;2;3;
13;;13;20;2;3;
13;;13;20;2;3;
13;;13;20;2;3;
13;;13;20;2;3;
13;;13;20;2;3;
13;;13;20;2;3;
13;;13;20;2;3;
13;;13;20;2;3;
13;;13;20;2;3;
13;;13;20;2;3;
13;;13;20;2;3;
13;;13;20;2;3;
13;;13;20;2;3;
13;;13;20;2;3;
13;4;13;20;2;3;1
13;4;13;20;2;3;1
13;4;13;20;2;3;1
13;4;13;20;2;3;1
13;4;13;20;2;3;1
13;4;13;20;2;3;1
13;4;13;20;2;3;1
13;;13;20;2;3;
13;;13;20;2;3;
14;1;13;20;2;7;1
14;1;13;20;2;7;1
14;1;13;20;2;7;1
14;1;13;20;2;7;0
14;1;13;20;2;7;0
14;1;13;20;2;7;0
14;1;13;20;2;7;0
14;1;13;20;2;7;1
14;1;13;20;2;7;1
14;1;13;20;2;7;
14;;13;20;2;7;
14;;13;20;2;7;
14;;13;20;2;7;
14;;13;20;2;7;
14;;13;20;2;7;
14;;13;20;2;7;
14;;13;20;2;7;
14;;13;20;2;7;
14;;13;20;2;7;
14;;13;20;2;7;
14;;13;20;2;7;
14;;13;20;2;7;
14;;13;20;2;7;
14;;13;20;2;7;0
14;2;13;20;2;7;0
14;2;13;20;2;7;0
14;2;13;20;2;7;0
14;2;13;20;2;7;
14;;13;20;2;7;
14;;13;20;2;7;
14;;13;20;2;7;
14;;13;20;2;7;
14;;13;20;2;7;
14;;13;20;2;7;
14;;13;20;2;7;
14;;13;20;2;7;
14;;13;20;2;7;
14;;13;20;2;7;
14;;13;20;2;7;
14;;13;20;2;7;
14;;13;20;2;7;
14;;13;20;2;7;
14;;13;20;2;7;0
14;3;13;20;2;7;1
14;3;13;20;2;7;0
14;3;13;20;2;7;0
14;3;13;20;2;7;1
14;3;13;20;2;7;1
14;3;13;20;2;7;0
14;;13;20;2;7;
14;;13;20;2;7;
14;;13;20;2;7;
14;;13;20;2;7;
14;;13;20;2;7;
14;;13;20;2;7;
14;;13;20;2;7;
14;;13;20;2;7;
14;;13;20;2;7;
14;;13;20;2;7;
14;;13;20;2;7;
14;;13;20;2;7;
14;;13;20;2;7;
14;;13;20;2;7;
14;;13;20;2;7;
14;;13;20;2;7;
14;;13;20;2;7;
14;;13;20;2;7;1
14;4;13;20;2;7;1
14;4;13;20;2;7;1
14;4;13;20;2;7;1
14;4;13;20;2;7;1
14;4;13;20;2;7;1
14;4;13;20;2;7;1
14;4;13;20;2;7;
14;;13;20;2;7;
15;1;13;20;4;7;0
15;1;13;20;4;7;1
15;1;13;20;4;7;0
15;1;13;20;4;7;1
15;1;13;20;4;7;0
15;1;13;20;4;7;0
15;1;13;20;4;7;1
15;1;13;20;4;7;1
15;1;13;20;4;7;1
15;;13;20;4;7;
15;;13;20;4;7;
15;;13;20;4;7;
15;;13;20;4;7;
15;;13;20;4;7;
15;;13;20;4;7;
15;;13;20;4;7;
15;;13;20;4;7;
15;;13;20;4;7;
15;;13;20;4;7;
15;;13;20;4;7;
15;;13;20;4;7;
15;;13;20;4;7;
15;;13;20;4;7;
15;2;13;20;4;7;0
15;2;13;20;4;7;1
15;2;13;20;4;7;0
15;2;13;20;4;7;0
15;;13;20;4;7;
15;;13;20;4;7;
15;;13;20;4;7;
15;;13;20;4;7;
15;;13;20;4;7;
15;;13;20;4;7;
15;;13;20;4;7;
15;;13;20;4;7;
15;;13;20;4;7;
15;;13;20;4;7;
15;;13;20;4;7;
15;;13;20;4;7;
15;;13;20;4;7;
15;;13;20;4;7;
15;;13;20;4;7;
15;3;13;20;4;7;1
15;3;13;20;4;7;1
15;3;13;20;4;7;1
15;3;13;20;4;7;0
15;3;13;20;4;7;1
15;3;13;20;4;7;1
15;;13;20;4;7;
15;;13;20;4;7;
15;;13;20;4;7;
15;;13;20;4;7;
15;;13;20;4;7;
15;;13;20;4;7;
15;;13;20;4;7;
15;;13;20;4;7;
15;;13;20;4;7;
15;;13;20;4;7;
15;;13;20;4;7;
15;;13;20;4;7;
15;;13;20;4;7;
15;;13;20;4;7;
15;;13;20;4;7;
15;;13;20;4;7;
15;;13;20;4;7;
15;;13;20;4;7;
15;4;13;20;4;7;1
15;4;13;20;4;7;1
15;4;13;20;4;7;1
15;4;13;20;4;7;1
15;4;13;20;4;7;1
15;4;13;20;4;7;1
15;4;13;20;4;7;1
15;;13;20;4;7;
15;;13;20;4;7;
16;1;13;20;2;5;1
16;1;13;20;2;5;1
16;1;13;20;2;5;1
16;1;13;20;2;5;0
16;1;13;20;2;5;0
16;1;13;20;2;5;0
16;1;13;20;2;5;1
16;1;13;20;2;5;1
16;1;13;20;2;5;1
16;;13;20;2;5;
16;;13;20;2;5;
16;;13;20;2;5;
16;;13;20;2;5;
16;;13;20;2;5;
16;;13;20;2;5;
16;;13;20;2;5;
16;;13;20;2;5;
16;;13;20;2;5;
16;;13;20;2;5;
16;;13;20;2;5;
16;;13;20;2;5;
16;;13;20;2;5;
16;;13;20;2;5;
16;2;13;20;2;5;0
16;2;13;20;2;5;0
16;2;13;20;2;5;0
16;2;13;20;2;5;0
16;;13;20;2;5;0
16;;13;20;2;5;
16;;13;20;2;5;
16;;13;20;2;5;
16;;13;20;2;5;
16;;13;20;2;5;
16;;13;20;2;5;
16;;13;20;2;5;
16;;13;20;2;5;
16;;13;20;2;5;
16;;13;20;2;5;
16;;13;20;2;5;
16;;13;20;2;5;
16;;13;20;2;5;
16;;13;20;2;5;
16;3;13;20;2;5;0
16;3;13;20;2;5;1
16;3;13;20;2;5;0
16;3;13;20;2;5;0
16;3;13;20;2;5;1
16;3;13;20;2;5;1
16;;13;20;2;5;
16;;13;20;2;5;
16;;13;20;2;5;
16;;13;20;2;5;
16;;13;20;2;5;
16;;13;20;2;5;
16;;13;20;2;5;
16;;13;20;2;5;
16;;13;20;2;5;
16;;13;20;2;5;
16;;13;20;2;5;
16;;13;20;2;5;
16;;13;20;2;5;
16;;13;20;2;5;
16;;13;20;2;5;
16;;13;20;2;5;
16;;13;20;2;5;
16;;13;20;2;5;
16;4;13;20;2;5;1
16;4;13;20;2;5;1
16;4;13;20;2;5;1
16;4;13;20;2;5;1
16;4;13;20;2;5;1
16;4;13;20;2;5;1
16;4;13;20;2;5;1
16;4;13;20;2;5;0
